{"cameraMode":{"drawMode":0,"name":"Shaded","section":"Shading Mode"},"sceneLighting":true,"audioPlay":false,"sceneViewState":{"m_AlwaysRefresh":false,"showFog":true,"showSkybox":true,"showFlares":true,"showImageEffects":true,"showParticleSystems":true,"showVisualEffectGraphs":true,"m_FxEnabled":true},"in2DMode":false,"pivot":{"x":2.7672741413116457,"y":2.4617180824279787,"z":-1.7589455842971802},"rotation":{"x":-0.20138461887836457,"y":0.3377521336078644,"z":-0.0742221400141716,"w":-0.9164541959762573},"size":0.4863330125808716,"orthographic":false}